url,name,address,city,state,phone
http://www.conleycpagroup.com/?utm_source=Google&utm_medium=Website&utm_campaign=Google_NEXT,"Conley CPA Group, PLLC","îƒˆ2857 White Hall Blvd, White Hall, WV 26554",White Hall,WV,î‚°(304) 366-2270
http://anthonyandassociatescpa.com/,Anthony & Associates,"îƒˆ1144 Market St #204, Wheeling, WV 26003",Wheeling,WV,î‚°(304) 234-0204
https://www.hrblock.com/local-tax-offices/west-virginia/weirton/k-mart-plaza/46128/?otppartnerid=9308&campaignid=pw_mcm_9308_9762&utm_medium=local&utm_source=google&utm_campaign=yext&y_source=1_MzU5MTIyNC03MTUtbG9jYXRpb24ud2Vic2l0ZQ%3D%3D,H&R Block,"îƒˆ1 Main St, Union, WV 24983",Union,WV,î‚°(304) 772-5202
http://mpacpa.accountants/,Results,"îƒˆ1195 Pineview Dr Suite 4, Morgantown, WV 26505",Morgantown,WV,î‚°(304) 212-5459
https://puskarichacct.com/,Results,"îƒˆ744 Virginia Ave, Follansbee, WV 26037",Follansbee,WV,î‚°(304) 527-3657
https://hardestycpas.com/,Results,"îƒˆ449 Fortress Blvd, Morgantown, WV 26508",Morgantown,WV,î‚°(304) 329-1351
http://premiertaxwv.com/,Results,"îƒˆ1440 Dorsey Ave, Morgantown, WV 26501",Morgantown,WV,î‚°(304) 241-5125
http://www.taxandacct.net/,Results,"îƒˆ200 Virginia Ave, Chester, WV 26034",Chester,WV,î‚°(304) 387-0626
http://www.smagnonecpa.com/,Results,"îƒˆ3672 Pennsylvania Ave, Weirton, WV 26062",Weirton,WV,î‚°(304) 723-1356
http://www.conleycpagroup.com/,Results,"îƒˆ2857 White Hall Blvd, Fairmont, WV 26554",Fairmont,WV,î‚°(304) 366-2270
http://www.wvscpa.org/,Results,"îƒˆ216 Brooks St # 201, Charleston, WV 25301",Charleston,WV,î‚°(304) 342-5461
https://blackberryhillacct.com/,Results,"îƒˆ307 W Main St, Grafton, WV 26354",Grafton,WV,î‚°(304) 265-5149
https://marykitchencpa.com/,Results,,Union,WV,î‚°(724) 413-9319
https://www.ajbcpas.net/,Results,,Union,WV,î‚°(614) 398-1143
